{
    "0.0": {
        "precision": 0.9977678571428571,
        "recall": 0.9933333333333333,
        "f1-score": 0.9955456570155902,
        "support": 450.0
    },
    "1.0": {
        "precision": 0.9895833333333334,
        "recall": 0.9965034965034965,
        "f1-score": 0.9930313588850174,
        "support": 286.0
    },
    "accuracy": 0.9945652173913043,
    "macro avg": {
        "precision": 0.9936755952380952,
        "recall": 0.9949184149184149,
        "f1-score": 0.9942885079503038,
        "support": 736.0
    },
    "weighted avg": {
        "precision": 0.9945874579451346,
        "recall": 0.9945652173913043,
        "f1-score": 0.9945686335572426,
        "support": 736.0
    },
    "roc_auc": 0.9996270396270397
}