{
    "accuracy": 0.6304347826086957,
    "precision": 0.5131086142322098,
    "recall": 0.958041958041958,
    "f1_score": 0.6682926829268293,
    "auc": 0.894897694897695,
    "threshold": 0.01405923767015338
}