{
    "auc": 0.1838131313131313,
    "weights": {
        "cnn": 0.30000000000000004,
        "autoencoder": 0.2,
        "svm": 0.49999999999999994
    },
    "confusion_matrix": [
        [
            0,
            900
        ],
        [
            0,
            572
        ]
    ]
}