{"train_loss": [0.3955370353828996, 0.3409570378876954, 0.3351753473767579, 0.34684121508120935, 0.3381445141068993, 0.3323512037201912, 0.3312783426885971, 0.33026413133221166, 0.32792589362157054, 0.3266659457067394], "train_acc": [0.930151338766007, 0.9751649204501358, 0.9809856422196352, 0.9668218859138533, 0.9743888242142026, 0.9804035700426853, 0.9825378346915018, 0.9840900271633682, 0.9862242918121847, 0.9879705083430346], "val_loss": [0.33179180129714636, 0.33782583021599316, 0.3297501394282217, 0.33137642106284265, 0.3323871117571126, 0.3287454700988272, 0.3315041369718054, 0.32987232311912207, 0.32940792519113293, 0.32916844798171], "val_acc": [0.9796195652173914, 0.9735054347826086, 0.9816576086956522, 0.9802989130434783, 0.9809782608695652, 0.983016304347826, 0.9823369565217391, 0.9836956521739131, 0.985733695652174, 0.9836956521739131], "val_auc": [0.9915365190365191, 0.9883411033411034, 0.9937723387723388, 0.9936188811188811, 0.9877272727272728, 0.9883537296037296, 0.9877360139860141, 0.9877272727272728, 0.9915773115773115, 0.9895124320124321]}