{"train_loss": [0.41755080663699906, 0.3564678571300077, 0.33946195281796276, 0.3414787365962796, 0.3342281593039464, 0.3353180256771588, 0.3302467823791837, 0.3282630406218904, 0.3357306983543081, 0.33175201092434337], "train_acc": [0.8969732246798603, 0.9578967792006209, 0.9751649204501358, 0.9724485836243694, 0.9786573535118355, 0.9772991850989523, 0.9823438106325184, 0.986418315871168, 0.9749708963911525, 0.9804035700426853], "val_loss": [0.33757654091586237, 0.33211309883905493, 0.33450757485368976, 0.330512013124383, 0.32917136601779773, 0.3309780424055846, 0.33013108048750006, 0.3238878703635672, 0.32522711481737054, 0.336777758339177], "val_acc": [0.9735054347826086, 0.9796195652173914, 0.9769021739130435, 0.983016304347826, 0.983016304347826, 0.9809782608695652, 0.9823369565217391, 0.9891304347826086, 0.9877717391304348, 0.9762228260869565], "val_auc": [0.9886130536130536, 0.9905914918414919, 0.9890879953379953, 0.9901923076923077, 0.9901884226884227, 0.9887635975135974, 0.9871299533799534, 0.9937985625485626, 0.9929574592074593, 0.9825339937839936]}